ts,type,object_id,zone
1778678119.322459,zone_enter,1,left
1778678119.322459,zone_enter,2,right
1778678119.3557606,zone_exit,2,right
1778678119.3557606,zone_enter,3,right
1778678119.4555068,zone_enter,2,right
1778678119.4889019,zone_exit,2,right
1778678119.7563992,zone_enter,2,right
1778678119.9566882,zone_exit,2,right
1778678120.5573142,zone_exit,3,right
1778678120.6242604,zone_enter,3,right
1778678120.6575716,zone_exit,3,right
1778678120.6911428,zone_enter,3,right
1778678120.8910675,zone_exit,3,right
1778678120.9916496,zone_enter,3,right
1778678121.1250896,zone_enter,2,right
1778678121.291922,zone_exit,2,right
1778678121.4589105,zone_exit,3,right
1778678121.692488,zone_enter,3,right
1778678122.1599953,zone_enter,2,right
1778678122.3936343,zone_exit,2,right
1778678122.727438,zone_enter,2,right
1778678122.8607738,zone_exit,2,right
1778678122.9275982,zone_enter,2,right
1778678123.027925,zone_exit,2,right
1778678123.027925,zone_exit,3,right
1778678123.0611992,zone_enter,2,right
1778678123.0611992,zone_enter,3,right
1778678123.09484,zone_exit,2,right
1778678123.09484,zone_exit,3,right
1778678123.1279159,zone_enter,2,right
1778678123.2615294,zone_exit,2,right
1778678123.495434,zone_enter,3,right
1778678124.029555,zone_enter,12,left
1778678124.8304353,zone_enter,2,right
1778678124.9306178,zone_exit,2,right
1778678125.16435,zone_enter,2,right
1778678125.264482,zone_exit,2,right
1778678125.5315387,zone_enter,2,right
1778678125.5983102,zone_exit,2,right
1778678125.6317153,zone_enter,4,right
1778678125.665083,zone_exit,3,right
1778678125.6985157,zone_enter,2,right
1778678125.7652886,zone_exit,2,right
1778678125.8320303,zone_enter,2,right
1778678125.8655243,zone_exit,2,right
1778678125.9655764,zone_enter,3,right
1778678125.9989786,zone_exit,3,right
1778678126.0993056,zone_enter,3,right
1778678126.4998295,zone_enter,2,right
1778678126.5668044,zone_exit,2,right
1778678126.6672237,zone_enter,2,right
1778678126.7337027,zone_exit,2,right
1778678126.9676025,zone_exit,3,right
1778678127.0008292,zone_enter,2,right
1778678127.0675743,zone_enter,7,left
1778678127.1346333,zone_exit,2,right
1778678127.3351161,zone_enter,3,right
1778678127.6348715,zone_enter,2,right
1778678127.9021719,zone_exit,2,right
1778678128.2693565,zone_exit,3,right
1778678128.3694274,zone_enter,3,right
1778678128.6700625,zone_enter,2,right
1778678128.7365515,zone_exit,2,right
1778678128.870107,zone_enter,2,right
1778678129.1372914,zone_exit,2,right
1778678129.2707193,zone_exit,3,right
1778678129.4045348,zone_enter,3,right
1778678129.7382946,zone_exit,3,right
1778678129.7719555,zone_enter,2,right
1778678129.938685,zone_enter,3,right
1778678130.038657,zone_exit,3,right
1778678130.0722327,zone_exit,2,right
1778678130.13886,zone_exit,12,left
1778678130.13886,zone_enter,12,right
1778678130.2057314,zone_enter,3,right
1778678130.2391365,zone_exit,1,left
1778678130.2724428,zone_exit,3,right
1778678130.6394172,zone_enter,3,right
1778678130.706597,zone_enter,1,left
1778678130.7398381,zone_exit,3,right
1778678130.8069382,zone_enter,3,right
1778678131.107085,zone_exit,4,right
1778678131.107085,zone_enter,4,left
1778678131.3409157,zone_enter,2,right
1778678131.3741732,zone_exit,2,right
1778678132.9432056,zone_enter,2,right
1778678133.11031,zone_exit,2,right
1778678133.1768942,zone_enter,2,right
1778678133.2438147,zone_exit,2,right
1778678133.3107097,zone_enter,2,right
1778678133.3438377,zone_exit,2,right
1778678134.479069,zone_exit,7,left
1778678134.479069,zone_enter,7,right
1778678135.1466603,zone_exit,12,right
1778678135.1466603,zone_enter,12,left
1778678135.3803203,zone_exit,1,left
1778678135.4470782,zone_enter,1,left
1778678135.4803505,zone_enter,2,right
1778678135.6808257,zone_exit,2,right
1778678135.9144666,zone_exit,4,left
1778678135.9144666,zone_enter,4,right
1778678138.2847693,zone_exit,12,left
1778678138.5182424,zone_enter,2,right
1778678138.652145,zone_exit,2,right
1778678138.81893,zone_enter,12,left
1778678138.952581,zone_exit,1,left
1778678138.9856393,zone_enter,1,left
1778678139.3530836,zone_enter,2,right
1778678139.4532273,zone_exit,2,right
1778678139.7535691,zone_exit,12,left
1778678139.98726,zone_enter,2,right
1778678139.98726,zone_exit,7,right
1778678139.98726,zone_enter,7,left
1778678140.0207877,zone_exit,2,right
1778678140.354617,zone_exit,1,left
1778678140.3879163,zone_enter,1,left
1778678140.6551433,zone_exit,3,right
1778678140.7549584,zone_enter,3,right
1778678140.7885282,zone_exit,3,right
1778678140.9887648,zone_enter,2,right
1778678141.0557706,zone_exit,2,right
1778678141.2561,zone_enter,12,right
1778678141.3227756,zone_enter,3,right
1778678141.4228277,zone_exit,12,right
1778678141.4565394,zone_enter,12,right
1778678142.057409,zone_exit,3,right
1778678142.090806,zone_enter,3,right
1778678142.1240985,zone_exit,3,right
1778678142.2242692,zone_enter,3,right
1778678142.2574146,zone_exit,4,right
1778678142.2574146,zone_enter,4,left
1778678142.3243692,zone_enter,2,right
1778678142.4245453,zone_exit,4,left
1778678142.457813,zone_exit,3,right
1778678142.4911745,zone_exit,2,right
1778678142.4911745,zone_enter,3,right
1778678142.5248294,zone_enter,2,right
1778678142.5248294,zone_exit,3,right
1778678142.55801,zone_exit,2,right
1778678142.55801,zone_enter,3,right
1778678142.5911362,zone_enter,2,right
1778678142.6249804,zone_exit,2,right
1778678142.6581533,zone_enter,4,left
1778678142.7917478,zone_exit,3,right
1778678142.825316,zone_enter,2,right
1778678142.825316,zone_enter,3,right
1778678142.8585243,zone_exit,2,right
1778678142.8585243,zone_exit,3,right
1778678142.8917558,zone_enter,3,right
1778678142.9253597,zone_exit,3,right
1778678142.9586477,zone_enter,2,right
1778678142.9917343,zone_exit,2,right
1778678142.9917343,zone_enter,3,right
1778678143.0587986,zone_exit,3,right
1778678143.092103,zone_enter,3,right
1778678143.5928953,zone_exit,3,right
1778678143.6930594,zone_enter,3,right
1778678144.3943856,zone_exit,3,right
1778678144.5609195,zone_enter,2,right
1778678144.5609195,zone_enter,3,right
1778678144.5946012,zone_exit,3,right
1778678144.6612246,zone_enter,3,right
1778678144.6948538,zone_exit,2,right
1778678144.728167,zone_enter,2,right
1778678144.7613518,zone_exit,2,right
1778678145.329172,zone_exit,3,right
1778678145.3623831,zone_enter,3,right
1778678145.662519,zone_exit,1,left
1778678145.7963572,zone_enter,1,left
1778678145.9299002,zone_exit,3,right
1778678145.963447,zone_enter,3,right
1778678145.996688,zone_exit,3,right
1778678146.029941,zone_enter,3,right
1778678146.0636203,zone_enter,2,right
1778678146.1300569,zone_exit,2,right
1778678146.330486,zone_exit,3,right
1778678146.3641176,zone_enter,3,right
1778678146.397406,zone_exit,3,right
1778678146.4306195,zone_enter,3,right
1778678146.4306195,zone_exit,4,left
1778678146.4306195,zone_enter,4,right
1778678146.4642923,zone_exit,3,right
1778678147.2319195,zone_enter,3,right
1778678147.298916,zone_exit,1,left
1778678147.3321388,zone_enter,1,left
1778678147.599082,zone_exit,3,right
1778678147.9664357,zone_enter,3,right
1778678147.9997294,zone_exit,3,right
1778678148.0328968,zone_enter,3,right
1778678148.0999212,zone_exit,3,right
1778678148.5005844,zone_enter,2,right
1778678148.533896,zone_exit,2,right
1778678148.5672755,zone_enter,3,right
1778678148.968109,zone_exit,12,right
1778678148.968109,zone_enter,12,left
1778678149.4686193,zone_exit,3,right
1778678149.502186,zone_exit,1,left
1778678149.535429,zone_enter,3,right
1778678149.6023796,zone_exit,3,right
1778678149.669054,zone_enter,1,left
1778678149.9693968,zone_exit,1,left
1778678150.0362856,zone_enter,3,right
1778678150.069567,zone_exit,3,right
1778678150.1697948,zone_enter,3,right
1778678150.2030685,zone_enter,1,left
1778678150.2030685,zone_exit,3,right
1778678150.5036097,zone_exit,7,left
1778678150.5036097,zone_enter,7,right
1778678150.9374166,zone_enter,2,right
1778678150.9707055,zone_exit,2,right
1778678151.338185,zone_enter,3,right
1778678151.3713973,zone_exit,3,right
1778678151.4382937,zone_enter,3,right
1778678151.4714372,zone_enter,2,right
1778678151.5716252,zone_exit,2,right
1778678151.5716252,zone_exit,4,right
1778678151.5716252,zone_enter,4,left
1778678151.6718874,zone_exit,3,right
1778678151.6718874,zone_exit,4,left
1778678151.73858,zone_enter,2,right
1778678151.8389707,zone_exit,2,right
1778678151.872297,zone_enter,2,right
1778678151.9058769,zone_enter,3,right
1778678151.9391704,zone_exit,2,right
1778678151.9391704,zone_exit,3,right
1778678151.9724174,zone_enter,4,left
1778678152.2727768,zone_exit,1,left
1778678152.4730978,zone_enter,3,right
1778678152.5063748,zone_exit,3,right
1778678152.5731127,zone_enter,2,right
1778678152.640233,zone_exit,12,left
1778678152.640233,zone_enter,12,right
1778678152.7735243,zone_enter,1,left
1778678152.9072375,zone_exit,2,right
1778678153.374422,zone_enter,2,right
1778678153.4412832,zone_exit,2,right
1778678153.6080608,zone_enter,2,right
1778678153.6416254,zone_exit,2,right
1778678153.6748347,zone_enter,2,right
1778678153.7082229,zone_exit,2,right
1778678154.008727,zone_enter,2,right
1778678154.0423055,zone_exit,2,right
1778678154.275986,zone_enter,2,right
1778678154.9771051,zone_exit,2,right
1778678155.277376,zone_enter,2,right
1778678155.4444375,zone_exit,2,right
1778678155.811754,zone_enter,2,right
1778678156.1787455,zone_exit,2,right
1778678156.2456667,zone_enter,2,right
1778678156.4128122,zone_exit,2,right
1778678156.4792204,zone_enter,2,right
1778678156.512638,zone_exit,2,right
1778678156.5462353,zone_enter,2,right
1778678157.047001,zone_exit,2,right
1778678157.3139262,zone_enter,2,right
1778678157.3475194,zone_exit,2,right
1778678157.4139736,zone_enter,2,right
1778678157.480999,zone_exit,2,right
1778678157.647669,zone_enter,2,right
1778678157.8481493,zone_exit,2,right
1778678157.914951,zone_enter,2,right
1778678158.1484993,zone_exit,2,right
1778678158.282323,zone_enter,2,right
1778678158.8164244,zone_exit,2,right
1778678158.8497045,zone_enter,2,right
1778678159.2500687,zone_exit,2,right
1778678159.483832,zone_enter,2,right
1778678159.5171566,zone_exit,2,right
1778678159.5505946,zone_enter,2,right
1778678159.583925,zone_exit,2,right
1778678159.6507447,zone_enter,2,right
1778678159.7174969,zone_exit,2,right
1778678159.8843622,zone_enter,2,right
1778678160.1514878,zone_exit,2,right
1778678160.6856556,zone_enter,2,right
1778678161.0194595,zone_exit,2,right
1778678161.0194595,zone_exit,7,right
1778678161.0194595,zone_enter,7,left
1778678161.3199797,zone_enter,2,right
1778678161.5870526,zone_exit,2,right
1778678161.9877415,zone_enter,2,right
1778678162.455244,zone_exit,2,right
1778678162.989384,zone_enter,2,right
1778678163.0229747,zone_exit,2,right
1778678163.1227477,zone_enter,2,right
1778678163.1895797,zone_exit,2,right
1778678163.5234501,zone_enter,2,right
1778678163.9244745,zone_exit,2,right
1778678164.1913464,zone_enter,2,right
1778678164.3916883,zone_exit,2,right
1778678164.4584868,zone_enter,2,right
1778678164.4918091,zone_exit,2,right
1778678164.825477,zone_enter,0,left
1778678164.8925421,zone_exit,1,left
1778678164.8925421,zone_enter,2,right
1778678164.8925421,zone_enter,3,right
1778678164.9593024,zone_exit,0,left
1778678164.9593024,zone_exit,3,right
1778678164.9925666,zone_enter,0,left
1778678165.059577,zone_exit,0,left
1778678165.0928369,zone_enter,0,left
1778678165.5600162,zone_exit,2,right
1778678165.6269035,zone_enter,1,left
1778678165.6937106,zone_exit,0,left
1778678166.3278005,zone_enter,2,right
1778678166.4612837,zone_exit,2,right
1778678166.494703,zone_enter,2,right
1778678166.528445,zone_exit,2,right
1778678166.661609,zone_enter,2,right
1778678166.7286754,zone_exit,2,right
1778678166.7618377,zone_enter,2,right
1778678166.7950711,zone_exit,2,right
1778678167.1956475,zone_exit,1,left
1778678167.262722,zone_enter,0,left
1778678167.262722,zone_enter,3,right
1778678167.3630137,zone_enter,2,right
1778678167.396242,zone_exit,2,right
1778678167.396242,zone_exit,3,right
1778678167.4296079,zone_enter,2,right
1778678167.4296079,zone_enter,3,right
1778678167.5965154,zone_exit,2,right
1778678167.6299312,zone_enter,2,right
1778678167.696884,zone_exit,0,left
1778678167.696884,zone_exit,2,right
1778678167.7300024,zone_enter,0,left
1778678167.7632632,zone_exit,0,left
1778678168.1639981,zone_enter,1,left
1778678168.431187,zone_exit,3,right
1778678168.7318094,zone_enter,0,left
1778678168.76509,zone_exit,0,left
1778678168.7982802,zone_enter,0,left
1778678168.8319826,zone_enter,2,right
1778678168.8649528,zone_exit,2,right
1778678169.1657383,zone_enter,2,right
1778678169.1987796,zone_exit,0,left
1778678169.1987796,zone_exit,2,right
1778678169.2321067,zone_enter,2,right
1778678169.3660614,zone_exit,2,right
1778678169.3992712,zone_enter,0,left
1778678169.4661238,zone_enter,3,right
1778678169.5662625,zone_exit,3,right
1778678169.5995617,zone_enter,3,right
1778678169.6330488,zone_exit,0,left
1778678169.6330488,zone_enter,2,right
1778678169.6998768,zone_enter,0,left
1778678169.7331026,zone_exit,3,right
1778678169.76628,zone_exit,2,right
1778678169.7996252,zone_enter,3,right
1778678169.83305,zone_enter,2,right
1778678169.83305,zone_exit,3,right
1778678169.8667612,zone_enter,3,right
1778678169.9669445,zone_exit,1,left
1778678169.9669445,zone_exit,2,right
1778678170.0333548,zone_enter,2,right
1778678170.1004026,zone_enter,1,left
1778678170.1336765,zone_exit,1,left
1778678170.1669428,zone_enter,1,left
1778678170.2005987,zone_exit,1,left
1778678170.2338593,zone_enter,1,left
1778678170.2338593,zone_exit,3,right
1778678170.267006,zone_exit,1,left
1778678170.267006,zone_enter,3,right
1778678170.3003986,zone_enter,1,left
1778678170.333781,zone_exit,1,left
1778678170.3672998,zone_enter,1,left
1778678170.4009008,zone_exit,1,left
1778678170.4341898,zone_enter,1,left
1778678170.5010598,zone_exit,3,right
1778678170.5343482,zone_exit,2,right
1778678170.5343482,zone_enter,3,right
1778678170.5676577,zone_exit,3,right
1778678170.6011574,zone_enter,3,right
1778678170.6342442,zone_enter,2,right
1778678170.6342442,zone_exit,3,right
1778678170.6676233,zone_exit,2,right
1778678170.7343767,zone_enter,3,right
1778678170.8681343,zone_exit,0,left
1778678170.901422,zone_enter,0,left
1778678170.9351416,zone_exit,0,left
1778678170.968304,zone_enter,0,left
1778678171.0015614,zone_exit,0,left
1778678171.0348992,zone_enter,0,left
1778678171.101774,zone_enter,2,right
1778678171.1352878,zone_exit,3,right
1778678171.3356285,zone_exit,1,left
1778678171.4022737,zone_exit,2,right
1778678171.535632,zone_enter,3,right
1778678171.5690105,zone_enter,1,left
1778678171.6358635,zone_exit,3,right
1778678171.7027457,zone_exit,0,left
1778678171.7027457,zone_enter,3,right
1778678171.736132,zone_exit,1,left
1778678171.7696822,zone_enter,0,left
1778678171.7696822,zone_enter,1,left
1778678171.836315,zone_exit,3,right
1778678172.0033789,zone_exit,1,left
1778678172.0365741,zone_enter,1,left
1778678172.0698237,zone_enter,3,right
1778678172.1700315,zone_enter,2,right
1778678172.3035636,zone_exit,2,right
1778678172.4704862,zone_enter,2,right
1778678172.504121,zone_exit,2,right
1778678172.504121,zone_exit,3,right
1778678172.5373707,zone_exit,0,left
1778678172.5706742,zone_enter,0,left
1778678172.6039352,zone_exit,1,left
1778678172.6039352,zone_enter,3,right
1778678172.6373384,zone_enter,1,left
1778678172.6373384,zone_enter,2,right
1778678172.6373384,zone_exit,3,right
1778678172.6708078,zone_exit,1,left
1778678172.704436,zone_enter,1,left
1778678172.7709932,zone_exit,2,right
1778678173.1383839,zone_enter,3,right
1778678173.1716785,zone_exit,3,right
1778678173.2051663,zone_enter,3,right
1778678173.2716546,zone_exit,0,left
1778678173.2716546,zone_exit,1,left
1778678173.3050683,zone_enter,0,left
1778678173.3718367,zone_enter,1,left
1778678173.4052696,zone_exit,1,left
1778678173.5054843,zone_enter,1,left
1778678173.539115,zone_exit,1,left
1778678173.5723739,zone_enter,1,left
1778678173.5723739,zone_enter,2,right
1778678173.6394231,zone_exit,1,left
1778678173.6394231,zone_exit,2,right
1778678173.70579,zone_exit,3,right
1778678173.772686,zone_enter,2,right
1778678173.8394914,zone_enter,1,left
1778678173.9061415,zone_exit,2,right
1778678173.9730372,zone_enter,2,right
1778678174.0399,zone_exit,2,right
1778678174.1397269,zone_exit,1,left
1778678174.206407,zone_enter,3,right
1778678174.239845,zone_enter,1,left
1778678174.3400645,zone_exit,1,left
1778678174.3736875,zone_enter,1,left
1778678174.4069471,zone_exit,1,left
1778678174.4402783,zone_enter,1,left
1778678174.4402783,zone_exit,3,right
1778678174.4740295,zone_exit,1,left
1778678174.4740295,zone_enter,3,right
1778678174.540407,zone_exit,0,left
1778678174.5739553,zone_enter,0,left
1778678174.64046,zone_enter,1,left
1778678174.7074804,zone_exit,3,right
1778678174.8073525,zone_exit,1,left
1778678174.8407822,zone_enter,1,left
1778678174.8741045,zone_exit,1,left
1778678174.9410834,zone_enter,3,right
1778678174.9742966,zone_enter,2,right
1778678174.9742966,zone_exit,3,right
1778678175.0079608,zone_enter,3,right
1778678175.0410626,zone_enter,1,left
1778678175.1078346,zone_exit,2,right
1778678175.1078346,zone_exit,3,right
1778678175.141173,zone_exit,1,left
1778678175.141173,zone_enter,3,right
1778678175.1747153,zone_exit,3,right
1778678175.2079632,zone_enter,3,right
1778678175.2416482,zone_enter,1,left
1778678175.308471,zone_exit,3,right
1778678175.3417332,zone_enter,3,right
1778678175.375035,zone_exit,0,left
1778678175.441933,zone_enter,0,left
1778678175.4752624,zone_exit,0,left
1778678175.5089242,zone_enter,0,left
1778678175.5753708,zone_exit,3,right
1778678175.608944,zone_exit,1,left
1778678175.608944,zone_enter,3,right
1778678175.6419952,zone_exit,3,right
1778678175.6753461,zone_enter,3,right
1778678175.7755857,zone_exit,3,right
1778678175.8425977,zone_enter,2,right
1778678175.8756447,zone_exit,2,right
1778678175.8756447,zone_enter,3,right
1778678175.9090831,zone_enter,1,left
1778678175.9090831,zone_enter,2,right
1778678175.9428654,zone_exit,1,left
1778678176.1430378,zone_exit,2,right
1778678176.3098156,zone_exit,3,right
1778678176.34334,zone_enter,3,right
1778678176.3764684,zone_enter,1,left
1778678176.3764684,zone_exit,3,right
1778678176.4098206,zone_exit,1,left
1778678176.4098206,zone_enter,3,right
1778678176.5099823,zone_enter,2,right
1778678176.5433433,zone_exit,2,right
1778678176.5767586,zone_enter,1,left
1778678176.7104688,zone_enter,2,right
1778678176.7437587,zone_exit,2,right
1778678176.777052,zone_enter,2,right
1778678176.8438535,zone_exit,3,right
1778678176.8771973,zone_enter,3,right
1778678176.9106257,zone_exit,3,right
1778678176.94397,zone_enter,3,right
1778678177.0107207,zone_exit,1,left
1778678177.0107207,zone_exit,2,right
1778678177.0441377,zone_enter,1,left
1778678177.0441377,zone_exit,3,right
1778678177.0775008,zone_exit,1,left
1778678177.0775008,zone_enter,3,right
1778678177.1442661,zone_exit,0,left
1778678177.1777008,zone_enter,0,left
1778678177.1777008,zone_enter,2,right
1778678177.2446444,zone_exit,2,right
1778678177.6450574,zone_enter,1,left
1778678177.6785407,zone_exit,1,left
1778678177.711817,zone_enter,2,right
1778678177.7451777,zone_exit,2,right
1778678177.7786033,zone_enter,1,left
1778678177.845383,zone_enter,2,right
1778678177.845383,zone_exit,3,right
1778678177.878873,zone_exit,2,right
1778678177.878873,zone_enter,3,right
1778678177.9121456,zone_exit,0,left
1778678177.9121456,zone_exit,3,right
1778678177.945757,zone_enter,3,right
1778678178.0126379,zone_exit,1,left
1778678178.0456755,zone_enter,0,left
1778678178.0456755,zone_enter,1,left
1778678178.0790377,zone_exit,0,left
1778678178.1124566,zone_enter,0,left
1778678178.1458082,zone_exit,0,left
1778678178.1792154,zone_exit,1,left
1778678178.245998,zone_enter,0,left
1778678178.312757,zone_enter,1,left
1778678178.312757,zone_enter,2,right
1778678178.3461268,zone_exit,1,left
1778678178.4129186,zone_exit,0,left
1778678178.4129186,zone_exit,2,right
1778678178.4462724,zone_enter,2,right
1778678178.4462724,zone_exit,3,right
1778678178.4798696,zone_exit,2,right
1778678178.579831,zone_enter,0,left
1778678178.579831,zone_enter,1,left
1778678178.579831,zone_enter,2,right
1778678178.579831,zone_enter,3,right
1778678178.6133127,zone_exit,1,left
1778678178.6133127,zone_exit,2,right
1778678178.64683,zone_enter,1,left
1778678178.64683,zone_enter,2,right
1778678178.64683,zone_exit,3,right
1778678178.6799526,zone_enter,3,right
1778678178.7133753,zone_exit,2,right
1778678178.7801363,zone_enter,2,right
1778678178.8135195,zone_exit,0,left
1778678178.8135195,zone_exit,1,left
1778678178.8802726,zone_exit,2,right
1778678178.9804554,zone_enter,1,left
1778678179.0140266,zone_exit,1,left
1778678179.1141758,zone_enter,0,left
1778678179.2476404,zone_enter,2,right
1778678179.2809424,zone_exit,2,right
1778678179.3143027,zone_enter,2,right
